<manifest><control namespace="Canadapost" constructor="addressComplete" version="1.1.0" display-name-key="addressComplete" description-key="addressComplete description" control-type="standard" api-version="1.2.1"><property name="api_key" display-name-key="API Key" description-key="Your Canada post API Key." of-type="SingleLine.Text" usage="input" required="true" /><property name="country_code" display-name-key="Country Code" description-key="The default country code you want to search against (ex:CA/US). (Default: CA)" of-type="SingleLine.Text" usage="input" required="true" /><property name="option_allowcountry" display-name-key="Allow user to change country" description-key="If the user can change the country for the autocomplete" of-type="SingleLine.Text" usage="input" /><property name="option_showlogo" display-name-key="Enables canadapost logo" description-key="Shows the canadapost logo" of-type="SingleLine.Text" usage="input" /><property name="address_line_1" display-name-key="Line 1" description-key="The address line 1." of-type="SingleLine.Text" usage="bound" required="false" /><property name="address_line_2" display-name-key="Line 2" description-key="The address line 2." of-type="SingleLine.Text" usage="bound" required="false" /><property name="province_or_state" display-name-key="Province or State" description-key="The address province or state" of-type="SingleLine.Text" usage="bound" required="false" /><property name="city" display-name-key="City" description-key="The address city." of-type="SingleLine.Text" usage="bound" required="false" /><property name="postcode" display-name-key="Post Code" description-key="The address post code." of-type="SingleLine.Text" usage="bound" required="false" /><property name="country" display-name-key="Country" description-key="The address country." of-type="SingleLine.Text" usage="bound" required="false" /><resources><code path="bundle.js" order="1" /><css path="css/canadapost.css" order="1" /></resources><built-by name="pac" version="1.1.6" /></control></manifest>